{
	"default_bindings": [
		{
			"controller_type": "vive_controller",
			"binding_url": "bindings_vive_controller.json"
		},
		{
			"controller_type": "knuckles",
			"binding_url": "bindings_knuckles.json"
		},
		{
			"controller_type": "oculus_touch",
			"binding_url": "bindings_oculus_touch.json"
		},
		{
			"controller_type": "vive_cosmos_controller",
			"binding_url": "bindings_vive_cosmos.json"
		},
		{
			"controller_type": "holographic_controller",
			"binding_url": "bindings_holographic_controller.json"
		}
	],
	"actions": [
		{
			"name": "/actions/default/in/chord1",
			"requirement": "optional",
			"type": "boolean"
		},
		{
			"name": "/actions/default/in/chord2",
			"requirement": "optional",
			"type": "boolean"
		},
		{
			"name": "/actions/default/in/left_B",
			"requirement": "optional",
			"type": "boolean"
		},
		{
			"name": "/actions/default/in/right_B",
			"requirement": "optional",
			"type": "boolean"
		},
		{
			"name": "/actions/default/in/left_A",
			"requirement": "optional",
			"type": "boolean"
		},
		{
			"name": "/actions/default/in/right_A",
			"requirement": "optional",
			"type": "boolean"
		},
		{
			"name": "/actions/default/in/left_Trigger",
			"requirement": "optional",
			"type": "boolean"
		},
		{
			"name": "/actions/default/in/right_Trigger",
			"requirement": "optional",
			"type": "boolean"
		},
		{
			"name": "/actions/default/in/left_TriggerVector1",
			"requirement": "optional",
			"type": "vector1"
		},
		{
			"name": "/actions/default/in/right_TriggerVector1",
			"requirement": "optional",
			"type": "vector1"
		},
		{
			"name": "/actions/default/in/left_System",
			"requirement": "optional",
			"type": "boolean"
		},
		{
			"name": "/actions/default/in/right_System",
			"requirement": "optional",
			"type": "boolean"
		},
		{
			"name": "/actions/default/in/left_Touchpad",
			"requirement": "optional",
			"type": "boolean"
		},
		{
			"name": "/actions/default/in/right_Touchpad",
			"requirement": "optional",
			"type": "boolean"
		},
		{
			"name": "/actions/default/in/left_TouchpadVector2",
			"requirement": "optional",
			"type": "vector2"
		},
		{
			"name": "/actions/default/in/right_TouchpadVector2",
			"requirement": "optional",
			"type": "vector2"
		},
		{
			"name": "/actions/default/in/left_ThumbStick",
			"requirement": "optional",
			"type": "boolean"
		},
		{
			"name": "/actions/default/in/right_ThumbStick",
			"requirement": "optional",
			"type": "boolean"
		},
		{
			"name": "/actions/default/in/left_ThumbStickVector2",
			"requirement": "optional",
			"type": "vector2"
		},
		{
			"name": "/actions/default/in/right_ThumbStickVector2",
			"requirement": "optional",
			"type": "vector2"
		},
		{
			"name": "/actions/default/in/left_Grip",
			"requirement": "optional",
			"type": "boolean"
		},
		{
			"name": "/actions/default/in/right_Grip",
			"requirement": "optional",
			"type": "boolean"
		},
		{
			"name": "/actions/default/in/left_GripVector1",
			"requirement": "optional",
			"type": "vector1"
		},
		{
			"name": "/actions/default/in/right_GripVector1",
			"requirement": "optional",
			"type": "vector1"
		},
		{
			"name": "/actions/default/in/left_ControllerPose",
			"requirement": "optional",
			"type": "pose"
		},
		{
			"name": "/actions/default/in/right_ControllerPose",
			"requirement": "optional",
			"type": "pose"
		},
		{
			"name": "/actions/default/out/haptic_left",
			"type": "vibration"
		},
		{
			"name": "/actions/default/out/haptic_right",
			"type": "vibration"
		}

	],
	"action_sets": [
		{
			"name": "/actions/default",
			"usage": "leftright"
		}
	],
	"localization" : [
		{
			"language_tag": "en_US",
			"/actions/default/in/chord1": "Chord 1",
			"/actions/default/in/chord2": "Chord 2",
			"/actions/default/in/left_B": "Left B",
			"/actions/default/in/right_B": "Right B",
			"/actions/default/in/left_A": "Left A",
			"/actions/default/in/right_A": "Right A",
			"/actions/default/in/left_Trigger": "Left Trigger",
			"/actions/default/in/right_Trigger": "Right Trigger",
			"/actions/default/in/left_TriggerVector1": "Left Trigger Vector",
			"/actions/default/in/right_TriggerVector1": "Right Trigger Vector",
			"/actions/default/in/left_Touchpad": "Left Touchpad",
			"/actions/default/in/right_Touchpad": "Right Touchpad",
			"/actions/default/in/left_TouchpadVector2": "Left Touchpad Vector",
			"/actions/default/in/right_TouchpadVector2": "Right Touchpad Vector",
			"/actions/default/in/left_System": "Left System",
			"/actions/default/in/right_System": "Right System",
			"/actions/default/in/left_ThumbStick": "Left ThumbStick",
			"/actions/default/in/right_ThumbStick": "Right ThumbStick",
			"/actions/default/in/left_ThumbStickVector2": "Left ThumbStick Vector",
			"/actions/default/in/right_ThumbStickVector2": "Right ThumbStick Vector",
			"/actions/default/in/left_Grip": "Left Grip",
			"/actions/default/in/right_Grip": "Right Grip",
			"/actions/default/in/left_GripVector1": "Left Grip Vector",
			"/actions/default/in/right_GripVector1": "Right Grip Vector",
			"/actions/default/in/left_ControllerPose": "Left Pose",
			"/actions/default/in/right_ControllerPose": "Right Pose",
			"/actions/default/out/haptic_left": "Left Vibration",
			"/actions/default/out/haptic_right": "Right Vibration"
		}
	]
}