{
   "action_manifest_version" : 0,
   "alias_info" : {},
   "app_key" : "system.generated.openvrinputtest.exe",
   "bindings" : {
      "/actions/default" : {
         "haptics" : [
            {
               "output" : "/actions/default/out/haptic_left",
               "path" : "/user/hand/left/output/haptic"
            },
            {
               "output" : "/actions/default/out/haptic_right",
               "path" : "/user/hand/right/output/haptic"
            }
         ],
         "sources" : [
            
         ]
      },
      "/actions/demo" : {
         "haptics" : [
            {
               "output" : "/actions/demo/out/haptic_left",
               "path" : "/user/hand/left/output/haptic"
            },
            {
               "output" : "/actions/demo/out/haptic_right",
               "path" : "/user/hand/right/output/haptic"
            }
         ],
         "sources" : []
      }
   },
   "category" : "steamvr_input",
   "controller_type" : "vive_cosmos_controller",
   "description" : "Modified Vive Cosmos Controller bindings",
   "name" : "My Vive Cosmos Controller Configuration For OpenVRInputTest",
   "options" : {},
   "simulated_actions" : []
}
