{
   "action_manifest_version" : 0,
   "alias_info" : {},
   "app_key" : "system.generated.openvrinputtest.exe",
   "bindings" : {
      "/actions/default" : {
         "chords" : [
            {
               "inputs" : [
                  [ "/user/hand/left/input/system", "click" ]
               ],
               "output" : "/actions/default/in/left_system"
            }
         ],
         "haptics" : [
            {
               "output" : "/actions/default/out/haptic_left",
               "path" : "/user/hand/left/output/haptic"
            },
            {
               "output" : "/actions/default/out/haptic_right",
               "path" : "/user/hand/right/output/haptic"
            }
         ],
         "poses" : [
            {
               "output" : "/actions/default/in/swordmovement",
               "path" : "/user/hand/left/pose/handgrip"
            },
            {
               "output" : "/actions/default/in/swordmovement",
               "path" : "/user/hand/right/pose/handgrip"
            }
         ],
         "skeleton" : [],
         "sources" : [
            {
               "inputs" : {
                  "click" : {
                     "output" : "/actions/default/in/confirm"
                  }
               },
               "mode" : "button",
               "parameters" : {
                  "click_activate_threshold" : "0.8",
                  "click_deactivate_threshold" : "0.7"
               },
               "path" : "/user/hand/right/input/trigger"
            },
            {
               "inputs" : {
                  "click" : {
                     "output" : "/actions/default/in/back"
                  }
               },
               "mode" : "button",
               "path" : "/user/hand/left/input/y"
            },
            {
               "inputs" : {
                  "click" : {
                     "output" : "/actions/default/in/back"
                  }
               },
               "mode" : "button",
               "path" : "/user/hand/right/input/b"
            },
            {
               "inputs" : {
                  "click" : {
                     "output" : "/actions/default/in/left_trigger"
                  },
                  "position" : {
                     "output" : "/actions/default/in/joystickleft"
                  }
               },
               "mode" : "joystick",
               "path" : "/user/hand/left/input/joystick"
            },
            {
               "inputs" : {
                  "click" : {
                     "output" : "/actions/default/in/confirm"
                  }
               },
               "mode" : "button",
               "path" : "/user/hand/left/input/trigger"
            },
            {
               "inputs" : {
                  "click" : {
                     "output" : "/actions/default/in/confirm"
                  },
                  "position" : {
                     "output" : "/actions/default/in/joystickright"
                  }
               },
               "mode" : "joystick",
               "path" : "/user/hand/right/input/joystick"
            },
            {
               "inputs" : {
                  "east" : {
                     "output" : "/actions/default/in/right"
                  },
                  "north" : {
                     "output" : "/actions/default/in/up"
                  },
                  "south" : {
                     "output" : "/actions/default/in/down"
                  },
                  "west" : {
                     "output" : "/actions/default/in/left"
                  }
               },
               "mode" : "dpad",
               "parameters" : {
                  "sub_mode" : "touch"
               },
               "path" : "/user/hand/right/input/joystick"
            },
            {
               "inputs" : {
                  "east" : {
                     "output" : "/actions/default/in/right"
                  },
                  "north" : {
                     "output" : "/actions/default/in/up"
                  },
                  "south" : {
                     "output" : "/actions/default/in/down"
                  },
                  "west" : {
                     "output" : "/actions/default/in/left"
                  }
               },
               "mode" : "dpad",
               "parameters" : {
                  "sub_mode" : "touch"
               },
               "path" : "/user/hand/left/input/joystick"
            },
            {
               "inputs" : {
                  "click" : {
                     "output" : "/actions/default/in/right_system"
                  }
               },
               "mode" : "button",
               "path" : "/user/hand/right/input/a"
            },
            {
               "inputs" : {
                  "click" : {
                     "output" : "/actions/default/in/options"
                  }
               },
               "mode" : "button",
               "path" : "/user/hand/left/input/x"
            },
            {
               "inputs" : {},
               "mode" : "none",
               "path" : "/user/hand/left/input/y"
            },
            {
               "inputs" : {
                  "click" : {
                     "output" : "/actions/default/in/left_system"
                  }
               },
               "mode" : "button",
               "path" : "/user/hand/left/input/system"
            },
            {
               "inputs" : {
                  "click" : {
                     "output" : "/actions/default/in/left_system"
                  }
               },
               "mode" : "trigger",
               "path" : "/user/hand/left/input/grip"
            }
         ]
      }
   },
   "category" : "steamvr_input",
   "controller_type" : "oculus_touch",
   "description" : "",
   "name" : "Konfiguration „OpenVRInputTest“ für Oculus Touch gespeichert",
   "options" : {},
   "simulated_actions" : []
}
