{
   "action_manifest_version" : 0,
   "alias_info" : {},
   "app_key" : "boll7708.openvrinputtest",
   "bindings" : {
      "/actions/default" : {
         "chords" : [
            {
               "inputs" : [
                  [ "/user/hand/left/input/trigger", "click" ],
                  [ "/user/hand/right/input/trigger", "click" ]
               ],
               "output" : "/actions/default/in/chord1"
            },
            {
               "inputs" : [
                  [ "/user/hand/left/input/trackpad", "click" ],
                  [ "/user/hand/right/input/trackpad", "click" ]
               ],
               "output" : "/actions/default/in/chord2"
            }
         ],
         "sources" : [
            {
               "inputs" : {
                  "click" : {
                     "output" : "/actions/default/in/left_b"
                  }
               },
               "mode" : "button",
               "path" : "/user/hand/left/input/b"
            },
            {
               "inputs" : {
                  "click" : {
                     "output" : "/actions/default/in/right_b"
                  }
               },
               "mode" : "button",
               "path" : "/user/hand/right/input/b"
            },
            {
               "inputs" : {
                  "click" : {
                     "output" : "/actions/default/in/left_a"
                  }
               },
               "mode" : "button",
               "path" : "/user/hand/left/input/a"
            },
            {
               "inputs" : {
                  "click" : {
                     "output" : "/actions/default/in/right_a"
                  }
               },
               "mode" : "button",
               "path" : "/user/hand/right/input/a"
            },
            {
               "inputs" : {},
               "mode" : "none",
               "path" : "/user/hand/left/input/skeleton/left"
            },
            {
               "inputs" : {},
               "mode" : "none",
               "path" : "/user/hand/left/input/pinch"
            },
            {
               "inputs" : {
                  "click" : {
                     "output" : "/actions/default/in/left_system"
                  }
               },
               "mode" : "button",
               "path" : "/user/hand/left/input/system"
            },
            {
               "inputs" : {
                  "click" : {
                     "output" : "/actions/default/in/right_system"
                  }
               },
               "mode" : "button",
               "path" : "/user/hand/right/input/system"
            },
            {
               "inputs" : {
                  "click" : {
                     "output" : "/actions/default/in/left_thumbstick"
                  },
                  "position" : {
                     "output" : "/actions/default/in/left_thumbstickvector2"
                  }
               },
               "mode" : "joystick",
               "path" : "/user/hand/left/input/thumbstick"
            },
            {
               "inputs" : {
                  "click" : {
                     "output" : "/actions/default/in/right_thumbstick"
                  },
                  "position" : {
                     "output" : "/actions/default/in/right_thumbstickvector2"
                  }
               },
               "mode" : "joystick",
               "path" : "/user/hand/right/input/thumbstick"
            },
            {
               "inputs" : {
                  "position" : {
                     "output" : "/actions/default/in/left_touchpadvector2"
                  },
                  "touch" : {
                     "output" : "/actions/default/in/left_touchpad"
                  }
               },
               "mode" : "trackpad",
               "path" : "/user/hand/left/input/trackpad"
            },
            {
               "inputs" : {
                  "click" : {
                     "output" : "/actions/default/in/left_trigger"
                  },
                  "pull" : {
                     "output" : "/actions/default/in/left_triggervector1"
                  }
               },
               "mode" : "trigger",
               "path" : "/user/hand/left/input/trigger"
            },
            {
               "inputs" : {
                  "click" : {
                     "output" : "/actions/default/in/right_trigger"
                  },
                  "pull" : {
                     "output" : "/actions/default/in/right_triggervector1"
                  }
               },
               "mode" : "trigger",
               "path" : "/user/hand/right/input/trigger"
            },
            {
               "inputs" : {
                  "position" : {
                     "output" : "/actions/default/in/right_touchpadvector2"
                  },
                  "touch" : {
                     "output" : "/actions/default/in/right_touchpad"
                  }
               },
               "mode" : "trackpad",
               "path" : "/user/hand/right/input/trackpad"
            },
            {
               "inputs" : {
                  "pull" : {
                     "output" : "/actions/default/in/right_gripvector1"
                  },
                  "touch" : {
                     "output" : "/actions/default/in/right_grip"
                  }
               },
               "mode" : "trigger",
               "path" : "/user/hand/right/input/grip"
            },
            {
               "inputs" : {
                  "pull" : {
                     "output" : "/actions/default/in/left_gripvector1"
                  },
                  "touch" : {
                     "output" : "/actions/default/in/left_grip"
                  }
               },
               "mode" : "trigger",
               "path" : "/user/hand/left/input/grip"
            }
         ]
      }
   },
   "category" : "steamvr_input",
   "controller_type" : "knuckles",
   "description" : "Attempt 2 Index Controller bindings",
   "name" : "Index Controller OpenVR Input Test Setting",
   "options" : {},
   "simulated_actions" : []
}
