{
   "action_manifest_version" : 0,
   "alias_info" : {},
   "app_key" : "system.generated.openvrinputtest.exe",
   "bindings" : {
      "/actions/default" : {
         "haptics" : [
            {
               "output" : "/actions/default/out/haptic_left",
               "path" : "/user/hand/left/output/haptic"
            },
            {
               "output" : "/actions/default/out/haptic_right",
               "path" : "/user/hand/right/output/haptic"
            }
         ],
         "sources" : [
            {
               "inputs" : {
                  "click" : {
                     "output" : "/actions/default/in/right_a"
                  }
               },
               "mode" : "button",
               "path" : "/user/hand/right/input/application_menu"
            },
            {
               "inputs" : {
                  "click" : {
                     "output" : "/actions/default/in/left_a"
                  }
               },
               "mode" : "button",
               "path" : "/user/hand/left/input/application_menu"
            },
            {
               "inputs" : {
                  "click" : {
                     "output" : "/actions/default/in/left_grip"
                  }
               },
               "mode" : "button",
               "path" : "/user/hand/left/input/grip"
            },
            {
               "inputs" : {
                  "click" : {
                     "output" : "/actions/default/in/left_system"
                  }
               },
               "mode" : "button",
               "path" : "/user/hand/left/input/system"
            },
            {
               "inputs" : {
                  "click" : {
                     "output" : "/actions/default/in/left_touchpad"
                  },
                  "position" : {
                     "output" : "/actions/default/in/left_touchpadvector2"
                  },
                  "touch" : {
                     "output" : "/actions/default/in/left_touchpad"
                  }
               },
               "mode" : "trackpad",
               "path" : "/user/hand/left/input/trackpad"
            },
            {
               "inputs" : {
                  "click" : {
                     "output" : "/actions/default/in/left_trigger"
                  },
                  "pull" : {
                     "output" : "/actions/default/in/left_triggervector1"
                  }
               },
               "mode" : "trigger",
               "path" : "/user/hand/left/input/trigger"
            },
            {
               "inputs" : {
                  "click" : {
                     "output" : "/actions/default/in/right_system"
                  }
               },
               "mode" : "button",
               "path" : "/user/hand/right/input/system"
            },
            {
               "inputs" : {
                  "click" : {
                     "output" : "/actions/default/in/right_touchpad"
                  },
                  "position" : {
                     "output" : "/actions/default/in/right_touchpadvector2"
                  },
                  "touch" : {
                     "output" : "/actions/default/in/right_touchpad"
                  }
               },
               "mode" : "trackpad",
               "path" : "/user/hand/right/input/trackpad"
            },
            {
               "inputs" : {
                  "click" : {
                     "output" : "/actions/default/in/right_trigger"
                  },
                  "pull" : {
                     "output" : "/actions/default/in/right_triggervector1"
                  }
               },
               "mode" : "trigger",
               "path" : "/user/hand/right/input/trigger"
            },
            {
               "inputs" : {
                  "click" : {
                     "output" : "/actions/default/in/right_grip"
                  }
               },
               "mode" : "button",
               "path" : "/user/hand/right/input/grip"
            }
         ]
      },
      "/actions/demo" : {
         "haptics" : [
            {
               "output" : "/actions/demo/out/haptic_left",
               "path" : "/user/hand/left/output/haptic"
            },
            {
               "output" : "/actions/demo/out/haptic_right",
               "path" : "/user/hand/right/output/haptic"
            }
         ],
         "sources" : []
      }
   },
   "category" : "steamvr_input",
   "controller_type" : "vive_controller",
   "description" : "Default Vive Controller bindings",
   "name" : "My Vive Controller Configuration For OpenVRInputTest",
   "options" : {},
   "simulated_actions" : []
}
